<font>
  <info face="font" size="64" bold="0" italic="0" charset="" unicode="" stretchH="100" smooth="1" aa="1" padding="2,2,2,2" spacing="0,0" outline="0"/>
  <common lineHeight="64" base="46" scaleW="339" scaleH="502" pages="1" packed="0"/>
  <pages>
    <page id="0" file="font.png"/>
  </pages>
  <chars count="62">
    <char id="49" x="2" y="2" width="27" height="47" xoffset="1" yoffset="1" xadvance="27" page="0" chnl="15"/>
    <char id="50" x="2" y="51" width="34" height="48" xoffset="2" yoffset="0" xadvance="35" page="0" chnl="15"/>
    <char id="51" x="2" y="101" width="33" height="48" xoffset="3" yoffset="1" xadvance="36" page="0" chnl="15"/>
    <char id="52" x="31" y="2" width="36" height="47" xoffset="1" yoffset="1" xadvance="37" page="0" chnl="15"/>
    <char id="53" x="2" y="151" width="33" height="48" xoffset="3" yoffset="1" xadvance="37" page="0" chnl="15"/>
    <char id="54" x="2" y="201" width="37" height="48" xoffset="3" yoffset="1" xadvance="39" page="0" chnl="15"/>
    <char id="55" x="37" y="101" width="35" height="47" xoffset="1" yoffset="1" xadvance="34" page="0" chnl="15"/>
    <char id="56" x="37" y="150" width="37" height="49" xoffset="1" yoffset="0" xadvance="39" page="0" chnl="15"/>
    <char id="57" x="38" y="51" width="37" height="48" xoffset="2" yoffset="0" xadvance="39" page="0" chnl="15"/>
    <char id="48" x="2" y="251" width="36" height="49" xoffset="5" yoffset="0" xadvance="44" page="0" chnl="15"/>
    <char id="97" x="2" y="302" width="48" height="48" xoffset="0" yoffset="0" xadvance="46" page="0" chnl="15"/>
    <char id="98" x="74" y="101" width="37" height="47" xoffset="6" yoffset="1" xadvance="44" page="0" chnl="15"/>
    <char id="99" x="40" y="251" width="47" height="48" xoffset="3" yoffset="1" xadvance="50" page="0" chnl="15"/>
    <char id="100" x="69" y="2" width="41" height="47" xoffset="6" yoffset="1" xadvance="47" page="0" chnl="15"/>
    <char id="101" x="77" y="51" width="31" height="47" xoffset="6" yoffset="1" xadvance="38" page="0" chnl="15"/>
    <char id="102" x="110" y="51" width="30" height="47" xoffset="6" yoffset="1" xadvance="37" page="0" chnl="15"/>
    <char id="103" x="41" y="201" width="47" height="48" xoffset="3" yoffset="0" xadvance="51" page="0" chnl="15"/>
    <char id="104" x="112" y="2" width="39" height="47" xoffset="6" yoffset="1" xadvance="49" page="0" chnl="15"/>
    <char id="105" x="76" y="150" width="25" height="47" xoffset="2" yoffset="1" xadvance="26" page="0" chnl="15"/>
    <char id="106" x="2" y="352" width="36" height="48" xoffset="3" yoffset="1" xadvance="42" page="0" chnl="15"/>
    <char id="107" x="2" y="402" width="41" height="47" xoffset="6" yoffset="1" xadvance="45" page="0" chnl="15"/>
    <char id="108" x="40" y="352" width="30" height="47" xoffset="6" yoffset="1" xadvance="36" page="0" chnl="15"/>
    <char id="109" x="52" y="301" width="46" height="47" xoffset="6" yoffset="1" xadvance="55" page="0" chnl="15"/>
    <char id="110" x="89" y="251" width="41" height="47" xoffset="6" yoffset="1" xadvance="50" page="0" chnl="15"/>
    <char id="111" x="90" y="199" width="48" height="49" xoffset="3" yoffset="0" xadvance="52" page="0" chnl="15"/>
    <char id="112" x="103" y="150" width="38" height="47" xoffset="6" yoffset="1" xadvance="44" page="0" chnl="15"/>
    <char id="113" x="113" y="100" width="49" height="48" xoffset="3" yoffset="0" xadvance="52" page="0" chnl="15"/>
    <char id="114" x="142" y="51" width="40" height="47" xoffset="6" yoffset="1" xadvance="45" page="0" chnl="15"/>
    <char id="115" x="2" y="451" width="39" height="49" xoffset="2" yoffset="0" xadvance="41" page="0" chnl="15"/>
    <char id="116" x="153" y="2" width="35" height="47" xoffset="1" yoffset="1" xadvance="36" page="0" chnl="15"/>
    <char id="117" x="43" y="451" width="38" height="48" xoffset="5" yoffset="1" xadvance="46" page="0" chnl="15"/>
    <char id="118" x="45" y="401" width="45" height="47" xoffset="1" yoffset="1" xadvance="45" page="0" chnl="15"/>
    <char id="119" x="72" y="350" width="61" height="47" xoffset="1" yoffset="1" xadvance="61" page="0" chnl="15"/>
    <char id="120" x="100" y="300" width="44" height="47" xoffset="1" yoffset="1" xadvance="43" page="0" chnl="15"/>
    <char id="121" x="132" y="250" width="44" height="47" xoffset="1" yoffset="1" xadvance="43" page="0" chnl="15"/>
    <char id="122" x="140" y="199" width="38" height="47" xoffset="1" yoffset="1" xadvance="39" page="0" chnl="15"/>
    <char id="65" x="83" y="450" width="48" height="48" xoffset="0" yoffset="0" xadvance="46" page="0" chnl="15"/>
    <char id="66" x="143" y="150" width="37" height="47" xoffset="6" yoffset="1" xadvance="44" page="0" chnl="15"/>
    <char id="67" x="164" y="100" width="47" height="48" xoffset="3" yoffset="1" xadvance="50" page="0" chnl="15"/>
    <char id="68" x="184" y="51" width="41" height="47" xoffset="6" yoffset="1" xadvance="47" page="0" chnl="15"/>
    <char id="69" x="190" y="2" width="31" height="47" xoffset="6" yoffset="1" xadvance="38" page="0" chnl="15"/>
    <char id="70" x="223" y="2" width="30" height="47" xoffset="6" yoffset="1" xadvance="37" page="0" chnl="15"/>
    <char id="71" x="92" y="399" width="47" height="48" xoffset="3" yoffset="0" xadvance="51" page="0" chnl="15"/>
    <char id="72" x="135" y="349" width="39" height="47" xoffset="6" yoffset="1" xadvance="49" page="0" chnl="15"/>
    <char id="73" x="146" y="299" width="25" height="47" xoffset="2" yoffset="1" xadvance="26" page="0" chnl="15"/>
    <char id="74" x="173" y="299" width="36" height="48" xoffset="3" yoffset="1" xadvance="42" page="0" chnl="15"/>
    <char id="75" x="178" y="248" width="41" height="47" xoffset="6" yoffset="1" xadvance="45" page="0" chnl="15"/>
    <char id="76" x="180" y="199" width="30" height="47" xoffset="6" yoffset="1" xadvance="36" page="0" chnl="15"/>
    <char id="77" x="182" y="150" width="46" height="47" xoffset="6" yoffset="1" xadvance="55" page="0" chnl="15"/>
    <char id="78" x="212" y="199" width="41" height="47" xoffset="6" yoffset="1" xadvance="50" page="0" chnl="15"/>
    <char id="79" x="133" y="449" width="48" height="49" xoffset="3" yoffset="0" xadvance="52" page="0" chnl="15"/>
    <char id="80" x="213" y="100" width="38" height="47" xoffset="6" yoffset="1" xadvance="44" page="0" chnl="15"/>
    <char id="81" x="230" y="149" width="49" height="48" xoffset="3" yoffset="0" xadvance="52" page="0" chnl="15"/>
    <char id="82" x="227" y="51" width="40" height="47" xoffset="6" yoffset="1" xadvance="45" page="0" chnl="15"/>
    <char id="83" x="141" y="398" width="39" height="49" xoffset="2" yoffset="0" xadvance="41" page="0" chnl="15"/>
    <char id="84" x="255" y="2" width="35" height="47" xoffset="1" yoffset="1" xadvance="36" page="0" chnl="15"/>
    <char id="85" x="269" y="51" width="38" height="48" xoffset="5" yoffset="1" xadvance="46" page="0" chnl="15"/>
    <char id="86" x="292" y="2" width="45" height="47" xoffset="1" yoffset="1" xadvance="45" page="0" chnl="15"/>
    <char id="87" x="176" y="349" width="61" height="47" xoffset="1" yoffset="1" xadvance="61" page="0" chnl="15"/>
    <char id="88" x="182" y="398" width="44" height="47" xoffset="1" yoffset="1" xadvance="43" page="0" chnl="15"/>
    <char id="89" x="211" y="297" width="44" height="47" xoffset="1" yoffset="1" xadvance="43" page="0" chnl="15"/>
    <char id="90" x="221" y="248" width="38" height="47" xoffset="1" yoffset="1" xadvance="39" page="0" chnl="15"/>
    <char id="32" x="0" y="0" width="0" height="0" xoffset="1" yoffset="1" xadvance="18" page="0" chnl="15"/>
  </chars>
</font>